Date Of Test,Signal (dBm),Speed (m/s),Distance from site (m),Call Test Duration (s),Call Test Result,Call Test Technology,Call Test Setup Time (s),MOS
2017-07-01 00:00:27,-61,68.80000305,1048.6,90,1,1,0.56,2.1
2017-07-01 00:02:57,-61,68.76999664,1855.54,90,1,1,0.45,3.2
2017-07-01 00:05:29,-71,69.16999817,1685.62,90,1,1,0.51,2.1
2017-07-01 00:08:02,-65,69.27999878,1770.92,90,1,1,0,1
2017-07-01 00:10:30,-103,0.8199999928,256.07,60,1,1,3.35,3.6
2017-07-01 00:10:37,-61,68.86000061,452.5,90,1,1,0,1
2017-07-01 00:13:08,-63,68.76000214,899.88,90,1,1,0.49,2.1
2017-07-01 00:17:57,-73,70.01999664,296.19,90,1,1,0,1
2017-07-01 00:23:01,-61,22.12000084,21532.25,90,1,1,0.52,2.1
2017-07-01 00:23:37,-105,0.8199999928,256.07,60,1,1,3.26,3.7
2017-07-01 00:25:33,-63,18.78000069,889.38,90,1,1,1.3,4.3
2017-07-01 00:30:22,-83,31.03000069,1385.85,90,1,1,0,4.4
2017-07-01 00:32:08,-106,0,786.53,90,1,2,2.45,4.4
2017-07-01 00:32:54,-87,31.03000069,17496.52,90,1,1,0,1
2017-07-01 00:34:41,-106,0,786.09,90,1,2,2.47,4.4
2017-07-01 00:35:11,-107,0.8199999928,256.07,60,1,1,3.49,3.8
2017-07-01 00:37:13,-106,0,785.38,90,1,2,2.88,4.4
2017-07-01 00:39:46,-106,0,785.48,90,1,2,2.5,4.4
2017-07-01 00:40:32,-99,80.30999756,14898.67,65.41,0,1,0,1
2017-07-01 00:42:22,-106,0,785.49,90,1,2,2.6,4.4
2017-07-01 00:44:54,-106,0,785.7,90,1,2,2.61,4.4
2017-07-01 00:46:45,-105,0.8199999928,256.07,60,1,1,5.34,3.6
2017-07-01 00:47:26,-106,0,785.56,90,1,2,2.58,4.4
2017-07-01 00:53:47,-71,26.10000038,804.93,90,1,1,0,3.3
2017-07-01 00:56:20,-91,16.51000023,129.79,90,1,2,2.62,4.4
2017-07-01 00:58:52,-83,29.71999931,401.3,90,1,2,2.64,4.4
2017-07-01 01:01:25,-99,43.63999939,944.89,90,1,2,2.63,4.4
2017-07-01 01:03:31,-105,0.8199999928,256.07,60,1,1,3.53,2.3
2017-07-01 01:03:58,-90,37.02999878,502.6,90,1,2,2.53,4.4
2017-07-01 01:06:30,-98,1.74000001,665.46,90,1,2,1.12,4.4
2017-07-01 01:09:03,-93,31.77000046,627.07,90,1,2,0.48,4.4
2017-07-01 01:10:05,-103,0.8199999928,256.07,60,1,1,3.34,3.6
2017-07-01 01:11:35,-84,27.52000046,651.78,90,1,2,0.55,4.4
2017-07-01 01:14:07,-87,10.09000015,288.66,90,1,2,0.62,4.4
2017-07-01 01:16:39,-94,34.40999985,975.31,90,1,2,0.54,4.4
2017-07-01 01:19:11,-84,21.82999992,442.36,90,1,2,0.51,4.4
2017-07-01 01:21:42,-104,8.329999924,1314.25,90,1,2,0.52,4.4
2017-07-01 01:24:15,-87,0,227.28,90,1,2,0.69,4.4
2017-07-01 01:26:47,-87,29.13999939,467.23,90,1,2,0.5,4.4
2017-07-01 01:28:47,-118,36.68000031,1804.73,57.92,0,2,0.69,4.4
2017-07-01 01:28:49,-103,0.8199999928,256.07,60,1,1,3.42,3.7
2017-07-01 01:31:35,-97,10.5,953.56,90,1,2,0.57,4.4
2017-07-01 01:34:08,-103,22.21999931,892.96,90,1,2,1.78,4.4
2017-07-01 01:35:23,-103,0.8199999928,256.07,60,1,1,3.65,2.7
2017-07-01 01:36:40,-94,44.11000061,714.68,90,1,2,0.71,4.3
2017-07-01 01:39:12,-98,11.10000038,1059.01,90,1,2,2.69,4.4
2017-07-01 01:41:57,-101,0.8199999928,256.07,60,1,1,3.87,3.7
2017-07-01 01:44:16,-99,0,582.24,90,1,2,2.62,4.3
2017-07-01 01:49:20,-85,0,146.44,90,1,2,0.62,4.3
2017-07-01 01:53:31,-103,0.8199999928,256.07,60,1,1,3.79,3.7
2017-07-01 01:54:25,-85,0,146.74,90,1,2,0.54,4.3
2017-07-01 01:56:57,-85,0,146.92,90,1,2,0.6,4.3
2017-07-01 01:59:29,-85,0,147.17,90,1,2,0.53,4.4
2017-07-01 02:02:01,-85,0,147.29,90,1,2,0.64,4.3
2017-07-01 02:05:04,-101,0.8199999928,256.07,60,1,1,3.81,3.1
2017-07-01 02:07:05,-85,0,147.22,90,1,2,0.62,4.4
2017-07-01 02:09:37,-85,0,147.24,90,1,2,0.58,4.3
2017-07-01 02:12:09,-85,0,147.24,90,1,2,0.6,4.3
2017-07-01 02:14:41,-85,0,147.22,90,1,2,0.64,4.4
2017-07-01 02:17:12,-85,0,147.31,90,1,2,0.62,4.3
2017-07-01 02:19:45,-85,0,147.41,90,1,2,0.64,4.3
2017-07-01 02:21:49,-103,0.8199999928,256.07,60,1,1,4.09,3.7
2017-07-01 02:22:17,-85,0,147.38,90,1,2,0.6,4.3
2017-07-01 02:24:49,-85,0,147.4,90,1,2,0.73,4.4
2017-07-01 02:27:21,-85,0,147.39,90,1,2,0.67,4.3
2017-07-01 02:28:23,-103,0.8199999928,256.07,60,1,1,3.47,3.8
2017-07-01 02:29:53,-85,0,147.43,90,1,2,0.63,4.4
2017-07-01 02:32:25,-85,0,147.73,90,1,2,0.7,4.3
2017-07-01 02:34:57,-85,0,147.89,90,1,2,0.62,4.4
2017-07-01 02:37:29,-85,40.20999908,528.41,90,1,2,0.66,4.4
2017-07-01 02:40:02,-87,44.34999847,1028.21,90,1,2,0.68,4.4
2017-07-01 02:42:46,-69,43.72999954,165.3,90,1,1,0,2.2
2017-07-01 02:47:08,-103,0.8199999928,256.07,60,1,1,3.62,3.7
2017-07-01 02:47:49,-84,36.81999969,381.86,90,1,2,0.67,4.3
2017-07-01 02:50:20,-110,44.20000076,8264.56,90,1,2,0.68,4.4
2017-07-01 02:55:27,-63,44.13000107,1244.68,90,1,1,0,3.3
2017-07-01 02:58:01,-53,44.47000122,457.75,90,1,1,0,1.2
2017-07-01 03:00:15,-103,0.8199999928,256.07,60,1,1,3.81,3.8
2017-07-01 03:03:06,-86,44.91999817,1044.91,90,1,2,0.63,4.4
2017-07-01 03:05:38,-85,43.56999969,1511.11,90,1,2,0.67,4.4
2017-07-01 03:08:10,-92,41.24000168,750.4,87.59,1,2,0.71,4.4
2017-07-01 03:10:42,-93,24.29000092,291.24,90,1,2,0.74,4.3
2017-07-01 03:11:49,-103,0.8199999928,256.07,60,1,1,3.32,3.8
2017-07-01 03:15:31,-71,43.88999939,912.26,90,1,1,0.5,3.2
2017-07-01 03:20:35,-96,38.18000031,3000.05,90,1,2,0.55,4.4
2017-07-01 03:23:07,-75,42.88999939,1379.52,90,1,0,0.43,4.3
2017-07-01 03:23:23,-103,0.8199999928,256.07,60,1,1,3.76,3.7
2017-07-01 03:28:11,-94,38.65000153,787.91,90,1,2,0.52,4.3
2017-07-01 03:33:18,-94,44.31000137,582.27,90,1,2,0.5,3.2
2017-07-01 03:38:22,-93,14.61999989,559.06,90,1,2,0.68,4.4
2017-07-01 03:40:12,-103,0.8199999928,256.07,60,1,1,3.75,3.7
2017-07-01 03:40:53,-88,15.27999973,378.51,90,1,2,0.46,4.3
2017-07-01 03:45:57,-85,10.78999996,525.67,90,1,2,0.5,4.3
2017-07-01 03:46:47,-103,0.8199999928,256.07,60,1,1,3.75,3.8
2017-07-01 03:48:29,-85,15.14999962,268.01,90,1,2,0.46,4.3
2017-07-01 03:51:02,-99,16.53000069,445.88,90,1,2,0.58,4.3
2017-07-01 03:53:52,-63,17.54000092,1793.1,90,1,1,0,1
2017-07-01 03:58:55,-115,7.690000057,704.48,90,1,2,0.5,4.3
2017-07-01 04:01:27,-105,0.4600000083,836.97,90,1,2,0.45,4.3
2017-07-01 04:04:00,-105,0,847.79,90,1,2,0.48,4.4
2017-07-01 04:05:31,-89,0.8199999928,256.07,60,1,0,2.88,1
2017-07-01 04:06:32,-105,0,844.98,90,1,2,0.49,4.4
2017-07-01 04:09:04,-105,0,844.16,90,1,2,0.48,4.4
2017-07-01 04:11:37,-105,0,843.93,90,1,2,0.52,4.4
2017-07-01 04:12:05,-105,0.8199999928,256.07,60,1,1,3.36,3.8
2017-07-01 04:14:13,-107,0,844.03,90,1,2,0.45,4.3
2017-07-01 04:16:45,-107,0,844.44,90,1,2,0.49,4.4
2017-07-01 04:18:39,-89,0.8199999928,256.07,60,1,0,3.13,3.7
2017-07-01 04:19:18,-107,0,844.65,90,1,2,0.44,4.4
2017-07-01 04:21:49,-107,0,844.57,90,1,2,0.48,4.4
2017-07-01 04:24:28,-107,0,844.84,90,1,2,0.45,4.4
2017-07-01 04:27:00,-107,0,844.83,90,1,2,0.46,4.4
2017-07-01 04:29:37,-107,0,844.98,90,1,2,0.42,4.4
2017-07-01 04:30:12,-111,0.8199999928,256.07,60,1,1,2.83,3.7
2017-07-01 04:32:10,-107,0,845.17,90,1,2,0.42,4.4
2017-07-01 04:34:42,-107,0,845.6,90,1,2,0.58,4.4
2017-07-01 04:37:15,-107,0,845.58,90,1,2,0.46,4.4
2017-07-01 04:39:47,-107,0,845.86,90,1,2,0.43,4.4
2017-07-01 04:41:46,-103,0.8199999928,256.07,60,1,1,4.05,3.7
2017-07-01 04:42:19,-107,0,846.15,90,1,2,0.46,4.4
2017-07-01 04:45:07,-105,0,845.99,90,1,2,0.41,4.4
2017-07-01 04:47:53,-107,0,846.65,90,1,2,0.56,4.4
2017-07-01 04:50:25,-107,0,846.73,90,1,2,0.42,4.3
2017-07-01 04:52:58,-107,0,846.66,90,1,2,0.41,4.4
2017-07-01 04:55:31,-107,0,845.83,90,1,2,0.52,4.4
2017-07-01 04:58:03,-107,0,845.11,90,1,2,0.39,4.4
2017-07-01 04:58:34,-103,0.8199999928,256.07,60,1,1,3.46,3.6
2017-07-01 05:00:36,-107,0,844.94,90,1,2,0.44,4.4
2017-07-01 05:03:08,-107,0,844.62,90,1,2,0.54,4.4
2017-07-01 05:05:07,-83,0.8199999928,256.07,60,1,0,3.02,1
2017-07-01 05:05:40,-107,0,844.57,90,1,2,0.48,4.4
2017-07-01 05:08:12,-107,0,844.7,90,1,2,0.4,4.4
2017-07-01 05:10:45,-107,0,844.77,90,1,2,0.64,4.4
2017-07-01 05:13:17,-107,0,844.51,90,1,2,0.51,4.4
2017-07-01 05:16:08,-107,0,830.4,90,1,2,0.4,4.4
2017-07-01 05:18:40,-107,0,830.23,90,1,2,0.44,4.4
2017-07-01 05:21:17,-107,0,830.04,90,1,2,0.65,4.4
2017-07-01 05:23:49,-107,0,829.94,90,1,2,0.46,4.4
2017-07-01 05:23:52,-105,0.8199999928,256.07,60,1,1,3.92,3.8
2017-07-01 05:26:22,-107,0,829.98,90,1,2,0.55,4.4
2017-07-01 05:28:54,-107,0,829.94,90,1,2,0.48,4.4
2017-07-01 05:30:26,-103,0.8199999928,256.07,60,1,1,3.63,3.7
2017-07-01 05:31:27,-107,0,833.31,90,1,2,0.44,4.4
2017-07-01 05:33:58,-107,0,832.6,90,1,2,0.41,4.4
2017-07-01 05:36:31,-107,0,832.23,90,1,2,0.51,4.4
2017-07-01 05:37:00,-109,0.8199999928,256.07,60,1,1,3.28,3.7
2017-07-01 05:39:03,-107,0,832.02,90,1,2,0.54,4.3
2017-07-01 05:41:35,-107,0,831.62,90,1,2,0.42,4.4
2017-07-01 05:44:07,-107,0,831.31,90,1,2,0.47,4.4
2017-07-01 05:46:55,-107,0,830.84,90,1,2,0.46,4.4
2017-07-01 05:48:33,-103,0.8199999928,256.07,60,1,1,3.37,3.7
2017-07-01 05:49:27,-107,0,830.93,90,1,2,0.41,4.4
2017-07-01 05:52:00,-107,0,830.45,90,1,2,0.5,4.4
2017-07-01 05:54:33,-107,0,830.3,90,1,2,0.42,4.4
2017-07-01 05:57:05,-107,0,829.88,90,1,2,0.46,4.4
2017-07-01 05:59:37,-107,0,828.65,90,1,2,0.44,4.4
2017-07-01 06:00:07,-103,0.8199999928,256.07,60,1,1,3.57,3.7
2017-07-01 06:04:41,-107,0,828.3,90,1,2,0.53,4.4
2017-07-01 06:07:13,-107,0,828.55,90,1,2,0.5,4.4
2017-07-01 06:09:45,-107,0,828.61,90,1,2,0.38,4.3
2017-07-01 06:12:17,-107,0,828.62,90,1,2,0.43,4.4
2017-07-01 06:14:49,-107,0,828.56,90,1,2,0.55,4.4
2017-07-01 06:16:54,-105,0.8199999928,256.07,60,1,1,3.69,3.7
2017-07-01 06:17:21,-107,0,828.67,90,1,2,0.61,4.4
2017-07-01 06:19:53,-107,0,828.57,90,1,2,0.51,4.4
2017-07-01 06:22:29,-107,0,828.5,90,1,2,0.42,4.4
2017-07-01 06:23:27,-103,0.8199999928,256.07,60,1,1,3.73,3.7
2017-07-01 06:25:01,-107,0,828.49,90,1,2,0.54,4.4
2017-07-01 06:27:33,-106,0,828.47,90,1,2,0.65,4.4
2017-07-01 06:30:05,-106,0,828.65,90,1,2,0.47,4.4
2017-07-01 06:32:38,-106,0,829.04,90,1,2,0.45,4.4
2017-07-01 06:35:10,-106,0,829.3,90,1,2,0.47,4.4
2017-07-01 06:37:55,-106,0,829.54,90,1,2,0.45,4.4
2017-07-01 06:40:28,-106,0,829.99,90,1,2,0.41,4.4
2017-07-01 06:42:12,-103,0.8199999928,256.07,60,1,1,3.69,3.6
2017-07-01 06:43:00,-106,0,830.51,90,1,2,0.45,4.4
2017-07-01 06:45:32,-106,0,830.55,90,1,2,0.56,4.4
2017-07-01 06:48:04,-106,0,830.68,90,1,2,0.4,4.4
2017-07-01 06:48:45,-105,0.8199999928,256.07,60,1,1,3.8,4
2017-07-01 06:50:36,-106,0,830.99,90,1,2,0.41,4.4
2017-07-01 06:53:08,-106,0,831.01,90,1,2,0.51,4.4
2017-07-01 06:55:20,-103,0.8199999928,256.07,60,1,1,3.79,4
2017-07-01 06:55:40,-106,0,830.84,90,1,2,0.51,4.4
2017-07-01 06:58:13,-106,0,830.9,90,1,2,0.43,4.4
2017-07-01 07:00:45,-107,0,830.79,90,1,2,0.48,4.4
2017-07-01 07:03:17,-107,0,831.09,90,1,2,0.48,4.4
2017-07-01 07:06:53,-105,0.8199999928,256.07,60,1,1,3.82,2.4
2017-07-01 07:08:21,-107,0,831.12,90,1,2,0.5,4.4
2017-07-01 07:10:54,-107,0,831.02,90,1,2,0.41,4.4
2017-07-01 07:13:26,-107,0,831.09,90,1,2,0.45,4.4
2017-07-01 07:15:58,-107,0,830.99,90,1,2,0.45,4.4
2017-07-01 07:18:27,-105,0.8199999928,256.07,60,1,1,3.88,3.6
2017-07-01 07:18:31,-107,0,830.97,90,1,2,0.42,4.4
2017-07-01 07:21:03,-107,0,830.79,90,1,2,0.42,4.3
2017-07-01 07:23:35,-107,0,830.72,90,1,2,0.44,4.4
2017-07-01 07:26:07,-107,0,830.72,90,1,2,0.61,4.3
2017-07-01 07:28:39,-107,0,830.72,90,1,2,0.45,4.4
2017-07-01 07:31:11,-107,0,830.62,90,1,2,0.47,4.3
2017-07-01 07:33:43,-107,0,830.51,90,1,2,0.42,4.4
2017-07-01 07:35:17,-101,0.8199999928,256.07,60,1,1,3.62,2.7
2017-07-01 07:36:16,-107,0,830.36,90,1,2,0.41,4.4
2017-07-01 07:38:48,-107,0,830.29,90,1,2,0.41,4.4
2017-07-01 07:41:20,-107,0,830.29,90,1,2,0.45,4.4
2017-07-01 07:41:50,-103,0.8199999928,256.07,60,1,1,3.48,3.8
2017-07-01 07:43:52,-107,0,830.37,90,1,2,0.39,4.4
2017-07-01 07:46:25,-107,0,830.53,90,1,2,0.44,4.4
2017-07-01 07:48:57,-107,0,830.62,82.41,1,2,0.47,4.4
2017-07-01 07:51:29,-107,0,830.51,90,1,2,0.48,4.4
2017-07-01 07:54:01,-107,0,830.47,90,1,2,0.48,4.4
2017-07-01 07:56:33,-107,0,830.44,90,1,2,0.47,4.3
2017-07-01 07:59:06,-107,0,830.38,90,1,2,0.44,4.4
2017-07-01 08:00:35,-101,0.8199999928,256.07,60,1,1,3.31,3.8
2017-07-01 08:01:38,-107,0,830.33,90,1,2,0.4,4.4
2017-07-01 08:04:10,-107,0,830.32,90,1,2,0.5,4.4
2017-07-01 08:06:42,-107,0,830.28,90,1,2,0.49,4.4
2017-07-01 08:07:09,-103,0.8199999928,256.07,60,1,1,3.43,2.7
2017-07-01 08:09:14,-107,0,830.3,90,1,2,0.4,4.4
2017-07-01 08:11:46,-107,0,830.25,90,1,2,0.5,4.4
2017-07-01 08:13:43,-103,0.8199999928,256.07,60,1,1,3.24,3.7
2017-07-01 08:14:18,-107,0,830.25,90,1,2,0.49,4.4
2017-07-01 08:16:50,-107,0,830.27,90,1,2,0.46,4.4
2017-07-01 08:19:22,-108,0,830.32,90,1,2,0.45,4.4
2017-07-01 08:21:54,-108,0,830.3,90,1,2,0.43,4.4
2017-07-01 08:24:27,-108,0,830.29,90,1,2,0.38,4.4
2017-07-01 08:25:17,-101,0.8199999928,256.07,60,1,1,3.08,3.7
2017-07-01 08:26:59,-108,0,830.3,90,1,2,0.4,4.4
2017-07-01 08:29:31,-108,0,830.31,90,1,2,0.41,4.4
2017-07-01 08:32:04,-108,0,830.28,90,1,2,0.44,4.4
2017-07-01 08:34:36,-107,0,830.33,90,1,2,0.68,4.4
2017-07-01 08:36:50,-103,0.8199999928,256.07,60,1,1,3.32,2.7
2017-07-01 08:37:08,-107,0,830.22,90,1,2,0.39,4.3
2017-07-01 08:39:40,-107,0,830.2,90,1,2,0.43,4.4
2017-07-01 08:42:12,-107,0,830.18,90,1,2,0.44,4.4
2017-07-01 08:44:44,-107,0,830.21,90,1,2,0.4,4.3
2017-07-01 08:47:17,-107,0,830.17,90,1,2,0.42,4.4
2017-07-01 08:49:49,-107,0,830.36,90,1,2,0.39,4.3
2017-07-01 08:52:21,-107,0,830.36,90,1,2,0.4,4.4
2017-07-01 08:53:40,-103,0.8199999928,256.07,60,1,1,3.46,2.7
2017-07-01 08:54:53,-107,0,830.35,90,1,2,0.51,4.4
2017-07-01 08:57:25,-107,0,830.35,90,1,2,0.47,4.3
2017-07-01 08:59:57,-107,0,830.29,90,1,2,0.46,4.4
2017-07-01 09:00:14,-105,0.8199999928,256.07,60,1,1,3.69,3.7
2017-07-01 09:02:29,-107,0,830.24,90,1,2,0.43,4.3
2017-07-01 09:05:01,-107,0,830.17,90,1,2,0.54,4.4
2017-07-01 09:07:33,-107,0,830.19,90,1,2,0.47,4.4
2017-07-01 09:10:06,-107,0,830.14,90,1,2,0.39,4.4
2017-07-01 09:12:38,-106,0,830.11,90,1,2,0.47,4.3
2017-07-01 09:17:43,-106,0,830.4,90,1,2,0.51,4.4
2017-07-01 09:18:58,-103,0.8199999928,256.07,60,1,1,3.68,3.7
2017-07-01 09:20:15,-106,0,830.4,90,1,2,0.4,4.3
2017-07-01 09:22:47,-107,0,830.54,90,1,2,0.44,4.3
2017-07-01 09:25:19,-107,0,830.58,90,1,2,0.48,4.4
2017-07-01 09:25:32,-103,0.8199999928,256.07,60,1,1,4.33,3.7
2017-07-01 09:27:51,-107,0,830.64,90,1,2,0.35,4.3
2017-07-01 09:30:24,-107,0,830.58,90,1,2,0.53,4.4
2017-07-01 09:32:06,-103,0.8199999928,256.07,60,1,1,3.56,4
2017-07-01 09:32:56,-107,0,830.55,90,1,2,0.47,4.4
2017-07-01 09:35:28,-107,0,830.56,90,1,2,0.44,4.4
2017-07-01 09:38:00,-107,0,830.6,90,1,2,0.44,4.4
2017-07-01 09:40:32,-107,0,830.61,90,1,2,0.48,4.3
2017-07-01 09:43:04,-107,0,807.29,90,1,2,0.54,4.4
2017-07-01 09:43:40,-103,0.8199999928,256.07,60,1,1,4.63,4.1
2017-07-01 09:45:31,-93,6.119999886,930,60,1,1,2.44,1
2017-07-01 09:45:36,-107,0,809.25,90,1,2,0.44,4.4
2017-07-01 09:48:08,-107,0,810.72,90,1,2,0.45,4.4
2017-07-01 09:50:41,-107,0,812.38,90,1,2,0.5,4.4
2017-07-01 09:53:13,-107,0,813.28,90,1,2,0.41,4.3
2017-07-01 09:55:13,-103,0.8199999928,256.07,60,1,1,3.94,3.7
2017-07-01 09:55:45,-107,0,812.82,90,1,2,0.44,4.4
2017-07-01 09:58:17,-107,0,812.46,90,1,2,0.52,4.4
2017-07-01 10:00:49,-107,0,812.18,90,1,2,0.4,4.4
2017-07-01 10:03:21,-107,0,810.91,90,1,2,0.42,4.3
2017-07-01 10:05:54,-107,0,810.79,90,1,2,0.49,4.3
2017-07-01 10:08:26,-107,0,811.13,90,1,2,0.46,4.3
2017-07-01 10:10:05,-99,0,1086.05,60,1,1,3.28,4.4
2017-07-01 10:10:58,-107,0,811.11,90,1,2,0.41,4.4
2017-07-01 10:11:58,-73,0,552.74,60,1,1,3.45,3.6
2017-07-01 10:13:30,-107,0,811.27,90,1,2,0.42,4.3
2017-07-01 10:16:03,-107,0,811.82,90,1,2,0.38,4.3
2017-07-01 10:18:32,-65,0,551.25,60,1,1,3.74,2.4
2017-07-01 10:18:35,-107,0,812.81,90,1,2,0.63,4.3
2017-07-01 10:21:07,-107,0,813.14,90,1,2,0.45,4.4
2017-07-01 10:23:40,-107,0,813.32,90,1,2,0.44,4.4
2017-07-01 10:26:12,-107,0,813.47,90,1,2,0.5,4.4
2017-07-01 10:28:44,-105,0,813.85,90,1,2,0.49,4.4
2017-07-01 10:31:16,-107,0,813.94,90,1,2,0.44,4.3
2017-07-01 10:33:48,-107,0,814.1,90,1,2,0.41,4.3
2017-07-01 10:33:53,-99,0,961.02,60,1,1,3.54,1
2017-07-01 10:36:21,-107,0,814.02,90,1,2,0.45,4.4
2017-07-01 10:38:45,-140,11.68000031,4083.65,289.23,0,2,0,4
2017-07-01 10:38:53,-107,0,814.22,90,1,2,0.48,4.3
2017-07-01 10:41:25,-107,0,814.61,90,1,2,0.45,4.4
2017-07-01 10:43:57,-107,0,815.16,90,1,2,0.4,4.3
2017-07-01 10:45:09,-99,0,950.3,60,1,1,3.37,1
2017-07-01 10:46:29,-111,18.40999985,11026.39,237.22,0,0,0,2.3
2017-07-01 10:46:30,-107,0,815.79,90,1,2,0.4,4.3
2017-07-01 10:49:02,-107,0,816,90,1,2,0.45,4.4
2017-07-01 10:51:34,-107,0,816.08,90,1,2,0.41,4.4
2017-07-01 10:56:38,-107,0,816.32,90,1,2,0.42,4.4
2017-07-01 10:58:06,-130,13.72000027,9879.93,40.83,0,2,0,4.3
2017-07-01 10:59:11,-107,0,816.51,90,1,2,0.43,4.3
2017-07-01 11:01:43,-107,0,816.55,90,1,2,0.39,4.3
2017-07-01 11:04:16,-107,0,816.79,90,1,2,0.48,4.4
2017-07-01 11:06:48,-107,0,817.06,90,1,2,0.51,4.4
2017-07-01 11:08:01,-95,0,955.5,60,1,1,3.4,1
2017-07-01 11:09:25,-107,0,817.21,90,1,2,0.39,4.4
2017-07-01 11:11:57,-107,0,817.22,90,1,2,0.54,4.4
2017-07-01 11:14:22,-73,21.78000069,726.12,600,1,1,0,1.8
2017-07-01 11:14:29,-107,0,817.85,90,1,2,0.52,4.4
2017-07-01 11:17:01,-107,0,818.37,90,1,2,0.42,4.4
2017-07-01 11:19:34,-107,0,818.49,90,1,2,0.45,4.3
2017-07-01 11:22:06,-107,0,818.77,90,1,2,0.48,4.4
2017-07-01 11:24:38,-107,0,818.89,90,1,2,0.41,4.3
2017-07-01 11:25:04,-71,19.34000015,685.43,600,1,0,0,2.5
2017-07-01 11:27:10,-107,0,819.14,90,1,2,0.44,4.4
2017-07-01 11:29:42,-107,0,819.24,90,1,2,0.52,4.3
2017-07-01 11:32:15,-107,0,819.65,90,1,2,0.5,4.4
2017-07-01 11:34:47,-107,0,819.86,90,1,2,0.4,4.3
2017-07-01 11:35:27,-85,21.70000076,728.97,600,1,1,0,3.4
2017-07-01 11:37:19,-107,0,819.97,90,1,2,0.47,4.3
2017-07-01 11:39:52,-107,0,820.44,90,1,2,0.43,4.3
2017-07-01 11:44:56,-107,0,821.21,90,1,2,0.45,4.3
2017-07-01 11:46:08,-81,30.02000046,754.58,600,1,1,0,2
2017-07-01 11:47:28,-107,0,821.34,90,1,2,0.38,4.3
2017-07-01 11:50:01,-107,0,821.44,90,1,2,0.45,4.3
2017-07-01 11:52:33,-107,0,821.65,90,1,2,0.44,4.3
2017-07-01 11:55:05,-107,0,821.66,90,1,2,0.42,4.4
2017-07-01 11:57:38,-107,0,821.73,90,1,2,0.5,4.3
2017-07-01 12:00:10,-107,0,821.8,90,1,2,0.44,4.4
2017-07-01 12:02:42,-107,0,821.92,90,1,2,0.47,4.3
2017-07-01 12:05:14,-107,0,821.93,90,1,2,0.46,4.3
2017-07-01 12:07:07,-79,30.46999931,3903.35,600,1,1,0,2.1
2017-07-01 12:07:46,-107,0,821.98,90,1,2,0.47,4.3
2017-07-01 12:10:18,-107,0,822.09,90,1,2,0.44,4.3
2017-07-01 12:12:50,-107,0,822.17,90,1,2,0.43,4.3
2017-07-01 12:15:22,-107,0,822.29,90,1,2,0.48,4.3
2017-07-01 12:17:55,-107,0,822.35,90,1,2,0.47,4.3
2017-07-01 12:18:04,-77,25.67000008,991.82,600,1,1,0,1.4
2017-07-01 12:20:27,-107,0,822.49,90,1,2,0.39,4.3
2017-07-01 12:22:59,-107,0,822.55,90,1,2,0.46,4.3
2017-07-01 12:25:32,-107,0,822.71,90,1,2,0.4,4.3
2017-07-01 12:28:04,-107,0,822.74,90,1,2,0.43,4.3
2017-07-01 12:28:27,-95,29.89999962,4685.49,600,1,0,0,2.1
2017-07-01 12:30:36,-107,0,822.86,90,1,2,0.48,4.3
2017-07-01 12:33:08,-107,0,822.87,90,1,2,0.39,4.3
2017-07-01 12:35:40,-107,0,822.91,90,1,2,0.4,4.3
2017-07-01 12:38:13,-107,0,822.94,90,1,2,0.47,4.3
2017-07-01 12:38:48,-100,29.95999908,4611.36,599.31,1,2,0,4.2
2017-07-01 12:40:45,-107,0,823.05,90,1,2,0.44,4.3
2017-07-01 12:43:17,-107,0,823.21,90,1,2,0.4,4.3
2017-07-01 12:45:49,-107,0,823.33,90,1,2,0.42,4.4
2017-07-01 12:48:21,-107,0,823.45,90,1,2,0.43,4.3
2017-07-01 12:49:12,-103,8.43999958,872.59,599.55,1,2,0,4.4
2017-07-01 12:50:53,-107,0,823.53,80.44,1,2,0.71,4.3
2017-07-01 12:53:25,-107,0,823.63,90,1,2,0.43,4.3
2017-07-01 12:55:58,-107,0,823.71,90,1,2,0.52,4.3
2017-07-01 12:58:30,-107,0,823.98,90,1,2,0.41,4.3
2017-07-01 12:59:35,-79,29.88999939,334.69,600,1,2,0,4.4
2017-07-01 13:01:03,-107,0,824.07,90,1,2,0.45,4.3
2017-07-01 13:03:35,-107,0,824.13,90,1,2,0.4,4.3
2017-07-01 13:06:07,-107,0,824.15,90,1,2,0.42,4.3
2017-07-01 13:08:39,-107,0,824.16,90,1,2,0.39,4.3
2017-07-01 13:11:11,-107,0,824.22,90,1,2,0.49,4.3
2017-07-01 13:13:44,-107,0,824.22,90,1,2,0.38,4.3
2017-07-01 13:16:16,-107,0,824.2,90,1,2,0.45,4.3
2017-07-01 13:18:48,-107,0,824.19,90,1,2,0.47,4.3
2017-07-01 13:20:40,-81,29.96999931,13400.4,600,1,1,0,2.5
2017-07-01 13:21:20,-107,0,824.22,90,1,2,0.46,4.3
2017-07-01 13:23:52,-107,0,824.27,90,1,2,0.41,4.3
2017-07-01 13:26:24,-107,0,824.4,90,1,2,0.44,4.3
2017-07-01 13:28:56,-107,0,824.38,90,1,2,0.42,4.3
2017-07-01 13:31:03,-83,0,2225.34,600,1,1,0,2.5
2017-07-01 13:31:29,-107,0,824.39,90,1,2,0.42,4.3
2017-07-01 13:34:01,-107,0,824.49,90,1,2,0.41,4.3
2017-07-01 13:36:33,-107,0,849.08,90,1,2,0.45,4.3
2017-07-01 13:39:05,-107,0,835.78,90,1,2,0.41,4.3
2017-07-01 13:41:19,-85,0,2225.34,600,1,1,0,2.6
2017-07-01 13:41:37,-107,0,836.21,90,1,2,0.49,4.3
2017-07-01 13:44:09,-107,0,836.33,90,1,2,0.43,4.3
2017-07-01 13:46:42,-107,0,836.25,90,1,2,0.45,4.3
2017-07-01 13:49:13,-107,0,836.46,90,1,2,0.48,4.3
2017-07-01 13:51:42,-75,0,2225.34,600,1,1,0,2.7
2017-07-01 13:51:46,-107,0,835.73,90,1,2,0.43,4.3
2017-07-01 13:54:18,-107,0,835.7,90,1,2,0.41,4.3
2017-07-01 13:56:36,-81,0,7272.27,279.28,0,1,0,2
2017-07-01 13:56:50,-107,0,835.64,90,1,2,0.42,4.3
2017-07-01 13:59:22,-107,0,835.27,90,1,2,0.41,4.3
2017-07-01 14:01:54,-107,0,834.98,90,1,2,0.48,4.3
2017-07-01 14:04:26,-105,0,834.95,90,1,2,0.45,4.3
2017-07-01 14:06:58,-105,0,834.85,90,1,2,0.42,4.3
2017-07-01 14:07:15,-85,29.65999985,4702.64,600,1,1,0,2.6
2017-07-01 14:09:30,-105,0,834.9,90,1,2,0.42,4.3
2017-07-01 14:12:02,-105,0,834.83,90,1,2,0.4,4.3
2017-07-01 14:14:34,-105,0,835.19,90,1,2,0.47,4.3
2017-07-01 14:17:07,-105,0,835.26,90,1,2,0.47,4.3
2017-07-01 14:17:37,-83,29.65999985,9341.13,600,1,1,0,2.1
2017-07-01 14:19:39,-105,0,835.26,90,1,2,0.46,4.3
2017-07-01 14:21:20,-65,9.850000381,192.45,60,1,1,3.65,4.3
2017-07-01 14:22:11,-107,0,834.93,90,1,2,0.43,4.3
2017-07-01 14:24:43,-107,0,834.61,90,1,2,0.66,4.3
2017-07-01 14:27:15,-107,0,834.58,90,1,2,0.42,4.3
2017-07-01 14:27:55,-81,10.44999981,706.81,60,1,1,3.99,4.4
2017-07-01 14:28:01,-81,19,1991.84,600,1,0,0,1.3
2017-07-01 14:29:48,-107,0,834.54,90,1,2,0.62,4.3
2017-07-01 14:29:55,-138,24.23999977,275.89,89.2,0,2,0,4.3
2017-07-01 14:32:20,-107,0,834.49,90,1,2,0.55,4.3
2017-07-01 14:34:52,-107,0,834.47,90,1,2,0.41,4.3
2017-07-01 14:37:24,-107,0,834.44,90,1,2,0.48,4.3
2017-07-01 14:39:56,-105,0,834.43,90,1,2,0.43,4.3
2017-07-01 14:40:33,-77,30.06999969,5554.58,600,1,0,0,2.7
2017-07-01 14:42:28,-105,0,834.22,90,1,2,0.38,4.3
2017-07-01 14:45:00,-105,0,834.25,90,1,2,0.4,4.3
2017-07-01 14:46:41,-67,0.2800000012,205.56,60,1,1,3.97,2.7
2017-07-01 14:47:32,-105,0,834.31,90,1,2,0.4,4.3
2017-07-01 14:50:05,-105,0,834.3,90,1,2,0.42,4.3
2017-07-01 14:50:55,-75,26.87000084,8191.18,600,1,0,0,3.4
2017-07-01 14:52:37,-105,0,834.1,90,1,2,0.41,4.3
2017-07-01 14:55:09,-105,0,834.09,90,1,2,0.43,4.3
2017-07-01 14:57:41,-105,0,833.99,90,1,2,0.41,4.3
2017-07-01 14:59:51,-83,4.03000021,396.11,60,1,1,3.9,2.7
2017-07-01 15:00:14,-105,0,834,90,1,2,0.4,4.3
2017-07-01 15:01:08,-83,29.98999977,142.06,599.99,1,1,0,3.5
2017-07-01 15:02:46,-105,0,834.09,90,1,2,0.41,4.3
2017-07-01 15:05:18,-105,0,834.22,90,1,2,0.61,4.3
2017-07-01 15:07:50,-105,0,834.37,90,1,2,0.4,4.3
2017-07-01 15:10:22,-105,0,834.49,90,1,2,0.46,4.3
2017-07-01 15:11:25,-73,0,80.86,60,1,1,3.93,1
2017-07-01 15:11:51,-79,28.23999977,15829.55,600,1,1,0,2
2017-07-01 15:12:55,-105,0,834.54,90,1,2,0.45,4.3
2017-07-01 15:15:27,-105,0,834.49,90,1,2,0.41,4.3
2017-07-01 15:17:59,-105,0,834.42,90,1,2,0.45,4.3
2017-07-01 15:20:33,-105,0,811.09,90,1,2,0.41,4.3
2017-07-01 15:22:15,-85,29.98999977,2152.71,600,1,0,0,1
2017-07-01 15:22:59,-75,6.340000153,143.07,60,1,1,3.84,4.4
2017-07-01 15:23:06,-105,0,827.01,90,1,2,0.38,4.3
2017-07-01 15:25:38,-105,0,827.92,90,1,2,0.38,4.3
2017-07-01 15:28:10,-105,0,828.12,90,1,2,0.42,4.3
2017-07-01 15:30:42,-105,0,828.29,90,1,2,0.44,4.3
2017-07-01 15:33:14,-105,0,828.52,90,1,2,0.4,4.3
2017-07-01 15:33:31,-91,29.87999916,3145.47,600,1,1,0,2
2017-07-01 15:35:46,-105,0,828.64,90,1,2,0.41,4.3
2017-07-01 15:38:18,-105,0,828.56,90,1,2,0.42,4.3
2017-07-01 15:39:53,-89,14.81999969,485.64,60,1,1,4.35,4.3
2017-07-01 15:40:51,-105,0,828.55,90,1,2,0.54,4.3
2017-07-01 15:43:23,-105,0,828.43,90,1,2,0.45,4.3
2017-07-01 15:43:55,-87,29.32999992,2439.65,600,1,1,0,1.7
2017-07-01 15:45:55,-105,0,828.53,90,1,2,0.49,4.3
2017-07-01 15:46:27,-83,30.67000008,1614.12,60,1,1,2.46,4.4
2017-07-01 15:48:27,-105,0,828.39,90,1,2,0.47,4.3
2017-07-01 15:51:00,-105,0,827.89,90,1,2,0.46,4.3
2017-07-01 15:54:19,-85,30.05999947,3920.77,600,1,0,0,1.8
2017-07-01 15:56:04,-105,0,827.68,90,1,2,0.52,4.3
2017-07-01 15:58:36,-105,0,827.7,90,1,2,0.39,4.3
2017-07-01 16:00:29,-103,29.94000053,3557.15,347.79,0,1,0,2.7
2017-07-01 16:01:08,-105,0,827.82,90,1,2,0.47,4.3
2017-07-01 16:03:41,-105,0,827.96,90,1,2,0.46,4.3
2017-07-01 16:04:54,-73,32.59000015,1426.57,60,1,1,4.23,2.7
2017-07-01 16:06:13,-105,0,828.08,90,1,2,0.43,4.3
2017-07-01 16:08:51,-105,0,828.52,90,1,2,0.45,4.3
2017-07-01 16:11:24,-105,0,828.62,90,1,2,0.42,4.3
2017-07-01 16:11:28,-71,33.00999832,637.19,60,1,1,4.81,4.3
2017-07-01 16:13:56,-105,0,828.54,90,1,2,0.76,4.3
2017-07-01 16:16:28,-105,0,828.67,90,1,2,0.56,4.3
2017-07-01 16:18:02,-93,15.97000027,1025.99,60,1,1,4.22,2.5
2017-07-01 16:19:00,-105,0,828.58,90,1,2,0.44,4.3
2017-07-01 16:21:33,-105,0,828.39,90,1,2,0.4,4.3
2017-07-01 16:24:05,-105,0,828.4,90,1,2,0.48,4.3
2017-07-01 16:26:37,-105,0,828.89,90,1,2,0.41,4.3
2017-07-01 16:29:09,-105,0,829.53,90,1,2,0.48,4.3
2017-07-01 16:29:36,-81,0,131.28,60,1,1,3.99,2.7
2017-07-01 16:30:32,-83,29.97999954,11769.16,600,1,0,0,1.6
2017-07-01 16:31:41,-105,0,829.64,90,1,2,0.46,4.3
2017-07-01 16:31:55,-75,30.77000046,1544,61.37,0,1,0,4.4
2017-07-01 16:34:14,-105,0,829.69,90,1,2,0.48,4.3
2017-07-01 16:36:46,-105,0,829.62,90,1,2,0.43,4.3
2017-07-01 16:39:18,-105,0,829.57,90,1,2,0.42,4.3
2017-07-01 16:41:10,-65,27.53000069,506.81,60,1,1,3.99,2.7
2017-07-01 16:41:50,-105,0,829.53,90,1,2,0.48,4.3
2017-07-01 16:42:37,-87,30.01000023,5865.35,600,1,0,0,1.7
2017-07-01 16:44:23,-105,0,829.5,90,1,2,0.41,4.3
2017-07-01 16:46:55,-105,0,829.42,90,1,2,0.47,4.4
2017-07-01 16:48:09,-67,0,218.09,60,1,1,3.7,2.7
2017-07-01 16:49:27,-105,0,829.32,90,1,2,0.39,4.3
2017-07-01 16:51:59,-105,0,829.09,90,1,2,0.49,4.3
2017-07-01 16:53:00,-79,29.71999931,602.09,600,1,0,0,2.2
2017-07-01 16:54:31,-105,0,828.91,90,1,2,0.41,4.3
2017-07-01 16:57:03,-105,0,828.84,90,1,2,0.39,4.3
2017-07-01 16:58:06,-89,36.52000046,1981.29,60,1,1,7.35,2.6
2017-07-01 16:59:35,-105,0,828.87,90,1,2,0.44,4.3
2017-07-01 17:02:07,-105,0,828.85,90,1,2,0.47,4.3
2017-07-01 17:03:16,-65,0,10109.64,600,1,0,0,2.9
2017-07-01 17:04:39,-79,34.95000076,2559.22,60,1,1,4.07,2.7
2017-07-01 17:04:40,-105,0,828.81,90,1,2,0.52,4.3
2017-07-01 17:06:41,-63,10.35999966,69.72,60,1,1,3.62,2.7
2017-07-01 17:07:12,-105,0,828.77,90,1,2,0.43,4.3
2017-07-01 17:09:44,-105,0,828.93,90,1,2,0.45,4.3
2017-07-01 17:12:16,-107,0,829.07,90,1,2,0.5,4.3
2017-07-01 17:13:14,-81,5.300000191,306.51,60,1,1,3.63,2.7
2017-07-01 17:13:21,-85,29.87999916,4981.55,600,1,1,0,2
2017-07-01 17:14:48,-107,0,829.03,90,1,2,0.37,4.3
2017-07-01 17:17:20,-107,0,828.93,90,1,2,0.4,4.3
2017-07-01 17:19:49,-83,0,62.67,60,1,1,4.02,2.7
2017-07-01 17:19:52,-107,0,828.91,90,1,2,0.44,4.3
2017-07-01 17:22:25,-107,0,828.83,90,1,2,0.41,4.3
2017-07-01 17:23:25,-75,0,715.12,60,1,1,4.16,2.7
2017-07-01 17:23:36,-85,17,3295.75,600,1,0,0,2.3
2017-07-01 17:24:57,-105,0,828.97,90,1,2,0.49,4.3
2017-07-01 17:27:29,-105,0,829.17,90,1,2,0.46,4.3
2017-07-01 17:29:59,-73,0,711.94,60,1,1,3.44,2.7
2017-07-01 17:30:02,-105,0,829.33,90,1,2,0.41,4.3
2017-07-01 17:32:34,-105,0,829.44,90,1,2,0.46,4.3
2017-07-01 17:35:06,-105,0,829.53,90,1,2,0.42,4.3
2017-07-01 17:36:33,-85,24.65999985,482.53,60,1,1,3.66,2.7
2017-07-01 17:37:38,-105,0,829.63,90,1,2,0.49,4.3
2017-07-01 17:40:11,-105,0,829.68,90,1,2,0.4,4.3
2017-07-01 17:40:40,-109,13,374.52,599.63,1,2,0,4.3
2017-07-01 17:42:43,-105,0,829.56,90,1,2,0.43,4.3
2017-07-01 17:42:56,-73,4.809999943,558.42,60,1,1,3.52,2.7
2017-07-01 17:45:15,-105,0,829.67,90,1,2,0.46,4.3
2017-07-01 17:47:47,-105,0,829.75,90,1,2,0.42,4.3
2017-07-01 17:48:07,-83,35.49000168,3108.26,60,1,1,3.65,2.7
2017-07-01 17:50:19,-105,0,829.84,90,1,2,0.4,4.3
2017-07-01 17:51:03,-111,2.680000067,1000.45,600,1,2,0,4.3
2017-07-01 17:52:52,-105,0,829.78,90,1,2,0.42,4.3
2017-07-01 17:55:24,-105,0,829.81,90,1,2,0.49,4.3
2017-07-01 17:57:56,-105,0,829.9,90,1,2,0.52,4.3
2017-07-01 17:59:41,-89,1.399999976,334.2,60,1,1,6.55,2.7
2017-07-01 17:59:43,-71,0.5199999809,205.63,60,1,1,4.26,2.7
2017-07-01 18:00:29,-105,0,829.98,90,1,2,0.44,4.3
2017-07-01 18:03:06,-105,0,830.01,90,1,2,0.45,4.3
2017-07-01 18:05:39,-105,0,829.96,90,1,2,0.41,4.3
2017-07-01 18:06:16,-77,7.510000229,216.25,60,1,1,3.69,2.7
2017-07-01 18:08:11,-105,0,829.99,90,1,2,0.47,4.3
2017-07-01 18:10:43,-105,0,830.1,90,1,2,0.41,4.3
2017-07-01 18:13:22,-105,0,830.25,90,1,2,0.52,4.3
2017-07-01 18:15:54,-105,0,843.5,90,1,2,0.48,4.3
2017-07-01 18:16:38,-97,0,250.86,60,1,1,3.86,1
2017-07-01 18:18:26,-105,0,849.12,90,1,2,0.44,4.3
2017-07-01 18:21:05,-105,0,848.17,90,1,2,0.39,4.3
2017-07-01 18:23:12,-81,3.160000086,362.72,60,1,1,3.02,2.7
2017-07-01 18:23:37,-105,0.4399999976,841.58,90,1,2,0.51,4.3
2017-07-01 18:26:10,-105,0,831.13,90,1,2,0.48,4.3
2017-07-01 18:28:42,-105,0,835.33,90,1,2,0.37,4.3
2017-07-01 18:31:14,-105,0,832.2,90,1,2,0.42,4.3
2017-07-01 18:31:34,-73,6.019999981,69.5,60,1,1,3.82,2.7
2017-07-01 18:33:46,-105,0,832.34,90,1,2,0.47,4.3
2017-07-01 18:36:18,-105,0,832.05,90,1,2,0.45,4.3
2017-07-01 18:38:08,-65,0.75,244.67,60,1,1,3.74,2.7
2017-07-01 18:38:50,-105,0,831.96,90,1,2,0.46,4.3
2017-07-01 18:40:42,-93,13.31000042,1232.07,60,1,1,3.76,2.7
2017-07-01 18:41:22,-105,0,832.12,90,1,2,0.38,4.3
2017-07-01 18:41:59,-61,41.70000076,246.9,60,1,1,4.03,2.5
2017-07-01 18:43:55,-107,0,831.67,90,1,2,0.44,4.3
2017-07-01 18:46:27,-107,0,831.97,90,1,2,0.41,4.3
2017-07-01 18:47:16,-89,22.37000084,1209.39,60,1,1,4.02,4.4
2017-07-01 18:48:33,-81,32.27000046,388.72,60,1,1,4.38,3.4
2017-07-01 18:48:59,-107,0,831.66,90,1,2,0.44,4.3
2017-07-01 18:49:42,-73,0,570.32,60,1,1,3.8,2.7
2017-07-01 18:51:36,-107,0,831.17,90,1,2,0.51,4.3
2017-07-01 18:54:08,-107,0,831.28,90,1,2,0.48,4.3
2017-07-01 18:55:07,-73,2.970000029,790.07,60,1,1,3.92,2.7
2017-07-01 18:56:40,-107,0,831.58,90,1,2,0.41,4.3
2017-07-01 18:59:13,-107,0,831.94,90,1,2,0.48,4.3
2017-07-01 19:01:52,-107,0,831.85,90,1,2,0.37,4.3
2017-07-01 19:04:24,-107,0,831.56,90,1,2,0.44,4.3
2017-07-01 19:06:01,-63,0,325.31,60,1,1,3.76,2.7
2017-07-01 19:06:41,-65,0,717.53,60,1,1,3.85,2.7
2017-07-01 19:06:56,-107,0,831.5,90,1,2,0.44,4.4
2017-07-01 19:09:29,-107,0,831.65,90,1,2,0.45,4.3
2017-07-01 19:12:01,-105,0,831.41,90,1,2,0.43,4.3
2017-07-01 19:12:34,-63,0,326.07,60,1,1,3.52,1
2017-07-01 19:14:33,-105,0,831.15,90,1,2,0.42,4.3
2017-07-01 19:17:07,-105,0,830.74,90,1,2,0.44,4.3
2017-07-01 19:18:10,-59,13.60999966,98.88,60,1,1,3.6,2.7
2017-07-01 19:18:15,-69,0,714.64,60,1,1,3.41,2.7
2017-07-01 19:19:08,-63,0,325.2,60,1,1,3.67,2.7
2017-07-01 19:19:39,-105,0,830.52,90,1,2,0.45,4.3
2017-07-01 19:22:12,-105,0,830.53,90,1,2,0.4,4.3
2017-07-01 19:24:44,-95,0.3799999952,215.32,60,1,1,3.93,2.7
2017-07-01 19:24:44,-105,0,830.4,90,1,2,0.39,4.3
2017-07-01 19:27:16,-105,0,830.01,90,1,2,0.4,4.3
2017-07-01 19:29:49,-105,0,829.84,90,1,2,0.42,4.3
2017-07-01 19:30:42,-69,0,328.62,60,1,1,3.79,4.4
2017-07-01 19:32:21,-105,0,829.69,90,1,2,0.43,4.3
2017-07-01 19:34:53,-107,0,829.5,90,1,2,0.52,4.3
2017-07-01 19:35:09,-67,0,716.78,60,1,1,4.11,2.7
2017-07-01 19:37:25,-107,0,829.47,90,1,2,0.4,4.3
2017-07-01 19:39:58,-107,0,829.65,90,1,2,0.43,4.3
2017-07-01 19:41:44,-69,0,715.93,60,1,1,3.9,2.7
2017-07-01 19:42:16,-71,0,321.52,60,1,1,3.78,4.4
2017-07-01 19:42:30,-107,0,829.63,90,1,2,0.45,4.3
2017-07-01 19:43:28,-67,8.399999619,174.98,60,1,1,3.9,2.7
2017-07-01 19:45:02,-107,0,829.79,90,1,2,0.4,4.4
2017-07-01 19:47:34,-107,0,829.78,90,1,2,0.42,4.3
2017-07-01 19:50:01,-65,7.179999828,200.39,60,1,1,3.53,2.7
2017-07-01 19:50:07,-107,0,829.8,90,1,2,0.44,4.3
2017-07-01 19:52:39,-107,0,829.81,90,1,2,0.47,4.3
2017-07-01 19:55:11,-107,0,829.94,90,1,2,0.53,4.3
2017-07-01 19:56:35,-63,0.7099999785,93.51,60,1,1,3.65,2.7
2017-07-01 19:57:44,-107,0,830.03,90,1,2,0.42,4.3
2017-07-01 19:59:11,-73,9.920000076,588.28,60,1,1,6.58,2.7
2017-07-01 20:00:16,-107,0,829.96,90,1,2,0.46,4.3
2017-07-01 20:00:30,-69,0,109.84,60,1,1,4.06,2.7
2017-07-01 20:02:48,-106,0,830.04,90,1,2,0.45,4.3
2017-07-01 20:05:20,-101,0,346.74,90,1,2,0.5,4.3
2017-07-01 20:05:45,-83,16.38999939,739.3,60,1,1,4.44,2.7
2017-07-01 20:07:04,-87,36.38000107,2982.36,60,1,1,3.82,2.6
2017-07-01 20:07:52,-101,1.909999967,342.75,90,1,2,0.42,4.3
2017-07-01 20:08:09,-71,3.349999905,260.44,60,1,1,3.73,2.7
2017-07-01 20:10:24,-107,8.170000076,798.9,90,1,2,0.48,4.3
2017-07-01 20:12:56,-106,0,413.13,90,1,2,0.46,4.3
2017-07-01 20:15:29,-106,0,412.87,90,1,2,0.46,4.4
2017-07-01 20:18:01,-106,0,424.26,90,1,2,0.48,4.3
2017-07-01 20:19:43,-79,8.050000191,28.52,60,1,1,3.33,4.3
2017-07-01 20:20:34,-106,0,417.93,90,1,2,0.45,4.3
2017-07-01 20:23:06,-106,0,417.7,90,1,2,0.59,4.3
2017-07-01 20:24:30,-93,0,1428.39,60,1,1,3.76,1
2017-07-01 20:25:38,-106,0,417.42,90,1,2,0.42,4.3
2017-07-01 20:28:11,-106,0,417.53,90,1,2,0.42,4.3
2017-07-01 20:30:43,-106,0,417.7,90,1,2,0.41,4.3
2017-07-01 20:31:04,-89,0,1429.64,60,1,1,3.56,2.7
2017-07-01 20:33:15,-106,0,417.8,90,1,2,0.42,4.3
2017-07-01 20:36:37,-69,4.079999924,178.59,60,1,1,3.51,2.7
2017-07-01 20:36:46,-75,11.77000046,32.79,60,1,1,3.82,2.7
2017-07-01 20:37:38,-93,0,1428.25,60,1,1,3.82,2.7
2017-07-01 20:38:21,-65,5.039999962,1600.03,90,1,1,0,2.1
2017-07-01 20:43:11,-87,3.380000114,304.48,60,1,1,3.48,2.7
2017-07-01 20:43:26,-95,8.109999657,2797.09,90,1,2,0.64,4.4
2017-07-01 20:45:58,-85,32.90000153,485.42,90,1,2,0.44,4.3
2017-07-01 20:48:30,-90,51.15999985,397.33,90,1,2,0.5,4.4
2017-07-01 20:49:12,-95,0,1431.35,60,1,1,3.94,2.7
2017-07-01 20:51:03,-88,66.87999725,628.22,90,1,2,0.68,4.3
2017-07-01 20:53:36,-94,75.87000275,1059.09,90,1,2,0.49,4.4
2017-07-01 20:53:40,-69,9.579999924,110.29,60,1,1,4.05,2.7
2017-07-01 20:56:08,-88,82.44999695,599.27,90,1,2,0.59,4.4
2017-07-01 20:58:41,-96,79.16999817,595.56,90,1,2,0.45,3.6
2017-07-01 21:00:14,-69,0,213.99,60,1,1,3.65,2.7
2017-07-01 21:00:46,-93,0,1098.94,60,1,1,3.99,2.7
2017-07-01 21:01:13,-92,83.01999664,1092.04,90,1,2,0.49,4.3
2017-07-01 21:01:55,-71,13.15999985,766.64,60,1,1,3.48,2.7
2017-07-01 21:03:46,-108,83.43000031,1982.24,90,1,2,0.6,4.3
2017-07-01 21:06:18,-96,83.52999878,1631.34,90,1,2,1.68,4.3
2017-07-01 21:08:29,-65,0,279.4,60,1,1,3.34,2.7
2017-07-01 21:08:50,-71,81.31999969,638.4,90,1,1,0.62,3.2
2017-07-01 21:11:23,-92,81.61000061,708.33,90,1,2,0.54,4.3
2017-07-01 21:13:56,-84,83.91999817,899.09,90,1,2,0.48,4.3
2017-07-01 21:15:04,-77,0.2899999917,382.31,60,1,1,3.51,4.4
2017-07-01 21:16:28,-87,83.36000061,2255.47,90,1,2,0.53,4.4
2017-07-01 21:17:40,-95,0,1098.49,60,1,1,3.7,4.3
2017-07-01 21:19:00,-63,0.1899999976,270.93,60,1,1,4.07,2.7
2017-07-01 21:19:01,-92,78.72000122,280.94,90,1,2,0.54,4.4
2017-07-01 21:21:33,-101,66.31999969,2469.78,90,1,2,0.48,4.4
2017-07-01 21:24:05,-95,66.58000183,2512.18,90,1,2,0.47,4.4
2017-07-01 21:24:14,-87,0,697.07,60,1,1,3.24,2.7
2017-07-01 21:25:33,-87,9.25,901.72,60,1,1,3.7,2.7
2017-07-01 21:26:37,-81,69.05999756,421.63,90,1,2,0.46,4.4
2017-07-01 21:29:09,-85,69.01999664,1062,90,1,2,0.51,4.4
2017-07-01 21:30:58,-51,0,10.26,60,1,1,3.69,2.7
2017-07-01 21:32:08,-83,15.43000031,680.77,60,1,1,4.54,2.4
2017-07-01 21:34:14,-79,36.15999985,17756.73,90,1,1,0,1.4
2017-07-01 21:36:47,-83,36.15999985,17756.73,90,1,1,0,2.4
2017-07-01 21:37:32,-63,2.109999895,71.23,60,1,1,4.06,2.7
2017-07-01 21:42:58,-81,10.88000011,452.31,60,1,1,3.62,2.6
2017-07-01 21:43:43,-73,0,189.77,60,1,1,4.22,2.7
2017-07-01 21:49:33,-93,9.56000042,700.4,60,1,1,3.79,2.7
2017-07-01 21:50:28,-77,72.44999695,26139.19,90,1,1,0,1
2017-07-01 21:55:17,-79,84.16000366,188.69,90,1,1,0,1
2017-07-01 21:55:17,-67,0,175.67,60,1,1,3.51,2.7
2017-07-01 21:56:06,-73,0.5899999738,402.79,60,1,1,3.71,4.4
2017-07-01 21:56:17,-77,10.56000042,712.54,60,1,1,3.56,2.7
2017-07-01 21:57:52,-63,26.25,37453.61,90,1,1,0,4.4
2017-07-01 22:02:50,-83,1.899999976,357.67,60,1,1,3.73,2.7
2017-07-01 22:02:55,-57,22.19000053,39245.32,90,1,1,0.41,4.4
2017-07-01 22:05:27,-61,30.19000053,762.93,90,1,1,0.46,2.1
2017-07-01 22:07:40,-61,7.269999981,239.16,60,1,1,3.47,4.4
2017-07-01 22:08:10,-81,35.27999878,10822.26,90,1,1,0,3.2
2017-07-01 22:09:24,-61,0,52.88,60,1,1,3.7,2.7
2017-07-01 22:10:45,-65,35.27999878,10822.26,90,1,1,0,1
2017-07-01 22:13:22,-77,35.27999878,24260.5,90,1,1,0,4.3
2017-07-01 22:15:53,-75,69.62000275,2456.08,90,1,1,0.57,2.1
2017-07-01 22:18:26,-89,68.55999756,2074.26,90,1,1,0,2.7
2017-07-01 22:19:14,-81,5.019999981,88.85,60,1,1,3.66,2.7
2017-07-01 22:20:58,-79,68.80000305,1588.18,90,1,1,0,1
2017-07-01 22:22:46,-100,69.51999664,2301.97,46.7,0,2,0.45,3.8
2017-07-01 22:28:03,-55,54.95000076,253.18,90,1,1,0.6,2.3
2017-07-01 22:33:08,-95,45.90999985,2927.25,90,1,1,0.6,3.1
2017-07-01 22:35:39,-73,69.73999786,1193.88,90,1,1,0.41,1
2017-07-01 22:36:08,-73,0,147.73,60,1,1,3.52,4.4
2017-07-01 22:38:11,-69,69.23999786,3447.09,90,1,1,0.63,3.1
2017-07-01 22:40:44,-73,70.30000305,34269.83,90,1,1,0.45,1.3
2017-07-01 22:42:42,-73,0,281.61,60,1,1,3.62,2.7
2017-07-01 22:43:16,-73,69.09999847,2190.45,90,1,1,0,1.6
2017-07-01 22:45:48,-87,68.90000153,3279.43,90,1,1,0.47,2.1
2017-07-01 22:48:20,-71,69.25,7515.89,90,1,1,0,2.7
2017-07-01 22:50:56,-73,69.27999878,1019.28,90,1,1,0,1
2017-07-01 22:55:45,-65,27.27000046,1224.37,90,1,1,0.47,3.2
2017-07-01 22:58:19,-65,27.21999931,2991.2,90,1,1,0,2.1
2017-07-01 23:00:51,-69,0,1059.68,90,1,1,0.62,2.1
2017-07-01 23:01:26,-87,8.449999809,3434.72,60,1,1,3.47,4.3
2017-07-01 23:03:23,-83,0,1061.06,90,1,1,0,3.7
2017-07-01 23:05:56,-109,22.30999947,1569.4,90,1,1,0,1
2017-07-01 23:08:00,-71,12.61999989,84.65,60,1,1,3.33,2.7
2017-07-01 23:11:01,-81,62.18999863,1139.31,90,1,0,0.61,3.8
2017-07-01 23:13:34,-89,60.63000107,1829.14,90,1,1,0,2.1
2017-07-01 23:14:35,-87,4.050000191,751.92,60,1,1,3.59,2.8
2017-07-01 23:18:21,-73,68.77999878,176.97,90,1,1,0,1.5
2017-07-01 23:20:55,-83,42.63000107,1569.98,90,1,1,0,1
2017-07-01 23:23:28,-63,31.82999992,501.43,90,1,1,0.42,2.1
2017-07-01 23:26:09,-69,0,285.12,60,1,1,3.75,2.7
2017-07-01 23:28:37,-55,1.820000052,429.53,90,1,1,0.6,2.1
2017-07-01 23:33:41,-63,15.10000038,349.42,90,1,1,0.49,3.2
2017-07-01 23:36:13,-65,29.98999977,697.03,90,1,1,0.41,3.2
2017-07-01 23:37:43,-71,12.35000038,1353.03,60,1,1,3.51,2.7
2017-07-01 23:48:41,-75,83.37000275,1081.68,90,1,1,0,2.3
2017-07-01 23:51:13,-67,82.95999908,263.76,90,1,1,0.52,3
2017-07-01 23:53:47,-79,84.23000336,2762.73,90,1,1,0,1
2017-07-01 23:54:38,-81,0,305.61,60,1,1,3.72,2.7
2017-07-01 23:56:26,-65,82.91999817,187.44,90,1,1,0,1
2017-07-02 00:01:11,-71,0,244.25,60,1,1,3.89,2.7
2017-07-02 00:01:14,-101,83.56999969,4961.89,90,1,1,16.5,3
2017-07-02 00:03:46,-81,83.38999939,1716.01,90,1,1,0,1
2017-07-02 00:08:51,-73,74.59999847,5900.44,90,1,1,0,1
2017-07-02 00:11:22,-67,82.88999939,647.44,90,1,1,1.04,1
2017-07-02 00:12:44,-91,71.68000031,2573.18,20.73,0,1,0.67,1
2017-07-02 00:18:42,-67,27.64999962,1401.04,90,1,1,0.44,4.3
2017-07-02 00:19:56,-87,6.929999828,103.69,60,1,1,3.42,4.4
2017-07-02 00:21:14,-77,12.07999992,24888.76,90,1,1,0.47,2.1
2017-07-02 00:26:30,-83,0,390.85,60,1,1,3.59,2.7
2017-07-02 00:28:56,-104,8.579999924,215.51,90,1,2,0.45,4.3
2017-07-02 00:31:28,-71,31.35000038,734.32,90,1,1,0.46,2.1
2017-07-02 00:33:04,-79,0,398.42,60,1,1,3.62,4.4
2017-07-02 00:34:00,-107,31.59000015,553.61,89.05,1,2,0.55,4.4
2017-07-02 00:36:33,-75,16.87000084,43480.25,90,1,1,0,1
2017-07-02 00:39:08,-65,0.6299999952,739.56,90,1,1,0,1
2017-07-02 00:41:41,-73,8.239999771,219.4,90,1,0,1.66,4.3
2017-07-02 00:44:00,-116,8.229999542,4707.71,74.18,1,2,7.96,4.3
2017-07-02 00:44:38,-65,17.64999962,277.86,60,1,0,4.39,4.4
2017-07-02 00:46:42,-51,7.809999943,9745.87,90,1,1,2.15,1.9
2017-07-02 00:49:04,-116,7.849999905,2307.25,90,1,2,0.44,4.2
2017-07-02 00:54:13,-106,8.180000305,1486.51,90,1,2,1.03,4.3
2017-07-02 00:56:12,-67,0,7379.95,60,1,1,3.7,2.7
2017-07-02 01:09:26,-126,1.100000024,901.06,90,1,2,0.5,4.2
2017-07-02 01:11:59,-126,1.100000024,901.06,90,1,2,0.56,4.4
2017-07-02 01:13:07,-69,0,351.73,60,1,1,3.68,4.4
2017-07-02 01:14:33,-126,0.1599999964,915.02,90,1,2,0.61,4.4
2017-07-02 01:19:40,-126,1.450000048,980.03,90,1,2,0.54,4.4
2017-07-02 01:19:41,-63,15.27999973,141.94,60,1,1,3.61,2.7
2017-07-02 01:22:13,-126,1.450000048,980.03,90,1,2,0.65,4.4
2017-07-02 01:24:45,-126,1.450000048,980.03,90,1,2,0.73,4.3
2017-07-02 01:27:18,-126,1.450000048,980.03,90,1,2,0.66,4.4
2017-07-02 01:29:50,-126,1.450000048,980.03,90,1,2,0.52,4.4
2017-07-02 01:32:23,-126,1.450000048,980.03,90,1,2,0.64,4.4
2017-07-02 01:34:55,-126,1.450000048,980.03,90,1,2,0.51,4.4
2017-07-02 01:37:28,-126,1.450000048,980.03,90,1,2,0.61,4.3
2017-07-02 01:38:25,-79,12.52000046,915.54,60,1,1,3.35,2.7
2017-07-02 01:40:01,-126,1.450000048,980.03,90,1,2,0.58,4.4
2017-07-02 01:42:34,-126,1.450000048,980.03,90,1,2,0.54,4.4
2017-07-02 01:44:59,-83,1.039999962,275.98,60,1,1,3.53,2.7
2017-07-02 01:45:07,-126,1.450000048,980.03,90,1,2,0.65,4.4
2017-07-02 01:47:39,-126,1.450000048,980.03,90,1,2,0.57,4.4
2017-07-02 01:50:13,-122,1.450000048,980.03,90,1,2,0.55,4.4
2017-07-02 01:51:34,-65,0,336.11,60,1,1,3.46,2.7
2017-07-02 01:52:45,-122,1.450000048,980.03,90,1,2,0.65,4.4
2017-07-02 01:55:18,-122,1.450000048,980.03,90,1,2,0.6,4.4
2017-07-02 02:00:23,-122,1.450000048,980.03,90,1,2,0.59,4.4
2017-07-02 02:02:56,-122,1.450000048,980.03,90,1,2,0.62,4.4
2017-07-02 02:03:08,-69,0.1700000018,74.92,60,1,1,3.75,1
2017-07-02 02:05:29,-122,1.450000048,980.03,90,1,2,0.67,4.4
2017-07-02 02:08:02,-122,1.450000048,980.03,90,1,2,0.59,4.4
2017-07-02 02:10:35,-122,1.450000048,980.03,90,1,2,0.54,4.4
2017-07-02 02:13:27,-122,1.340000033,863.61,90,1,2,0.57,4.4
2017-07-02 02:14:42,-63,0,415.47,60,1,1,3.94,2.7
2017-07-02 02:15:59,-122,1.340000033,863.61,90,1,2,0.6,4.4
2017-07-02 02:18:32,-122,1.340000033,863.61,90,1,2,0.64,4.4
2017-07-02 02:21:05,-122,1.340000033,863.61,90,1,2,0.58,4.4
2017-07-02 02:23:37,-122,1.340000033,863.61,90,1,2,0.63,4.4
2017-07-02 02:26:10,-122,1.340000033,863.61,90,1,2,0.61,4.4
2017-07-02 02:28:43,-122,1.340000033,863.61,90,1,2,0.54,4.4
2017-07-02 02:31:16,-122,1.340000033,863.61,90,1,2,0.65,4.4
2017-07-02 02:31:36,-67,5.369999886,181.48,60,1,1,4.6,2.7
2017-07-02 02:33:48,-122,1.340000033,863.61,90,1,2,0.54,4.4
2017-07-02 02:36:21,-122,1.340000033,863.61,90,1,2,0.64,4.4
2017-07-02 02:38:10,-79,9.619999886,490.73,60,1,1,4.08,2.7
2017-07-02 02:38:53,-122,1.340000033,863.61,90,1,2,0.62,4.4
2017-07-02 02:41:26,-122,1.340000033,863.61,90,1,2,0.57,4.4
2017-07-02 02:43:59,-122,1.340000033,863.61,90,1,2,0.61,4.4
2017-07-02 02:46:31,-122,1.340000033,863.61,90,1,2,0.59,4.4
2017-07-02 02:49:04,-122,1.340000033,863.61,90,1,2,0.67,4.4
2017-07-02 02:51:36,-122,1.340000033,863.61,90,1,2,0.57,4.4
2017-07-02 02:54:09,-122,1.340000033,863.61,90,1,2,0.53,4.4
2017-07-02 02:56:42,-122,1.340000033,863.61,90,1,2,0.67,4.4
2017-07-02 02:56:56,-79,5.190000057,221.75,60,1,1,3.81,4.4
2017-07-02 02:59:15,-122,1.340000033,863.61,90,1,2,0.5,4.4
2017-07-02 03:01:48,-122,1.340000033,863.61,90,1,2,0.65,4.4
2017-07-02 03:03:30,-83,0,5124.81,60,1,1,4.36,4.3
2017-07-02 03:04:21,-122,1.340000033,863.61,90,1,2,0.6,4.4
2017-07-02 03:06:53,-122,1.340000033,863.61,90,1,2,0.69,4.4
2017-07-02 03:09:26,-122,1.340000033,863.61,90,1,2,0.58,4.4
2017-07-02 03:10:04,-77,11.57999992,360.01,60,1,1,3.51,4.4
2017-07-02 03:11:58,-122,1.340000033,863.61,90,1,2,0.75,4.4
2017-07-02 03:14:31,-122,1.340000033,863.61,90,1,2,0.65,4.4
2017-07-02 03:17:03,-122,1.340000033,863.61,90,1,2,0.67,4.4
2017-07-02 03:19:36,-122,1.340000033,863.61,90,1,2,0.59,4.4
2017-07-02 03:22:08,-122,1.340000033,863.61,90,1,2,0.63,4.4
2017-07-02 03:24:41,-122,1.029999971,950.47,90,1,2,0.55,4.4
2017-07-02 03:27:14,-122,0.2599999905,948.92,90,1,2,0.6,4.4
2017-07-02 03:30:06,-122,0.2599999905,948.92,90,1,2,0.57,4.4
2017-07-02 03:32:39,-122,0.2599999905,948.92,90,1,2,0.51,4.4
2017-07-02 03:33:13,-93,0,373.98,60,1,1,3.91,2.7
2017-07-02 03:35:11,-122,0.2599999905,948.92,90,1,2,0.66,4.4
2017-07-02 03:38:04,-122,0.2599999905,948.92,90,1,2,0.62,4.4
2017-07-02 03:40:37,-122,0.2599999905,948.92,90,1,2,0.69,4.4
2017-07-02 03:43:09,-122,0.2599999905,948.92,90,1,2,0.57,4.4
2017-07-02 03:45:42,-122,0.2599999905,948.92,90,1,2,0.55,4.4
2017-07-02 03:48:15,-122,0.2599999905,948.92,90,1,2,0.5,4.4
2017-07-02 03:50:07,-93,0,1087.13,60,1,1,3.73,4.4
2017-07-02 03:50:47,-122,0.6499999762,970.14,90,1,2,0.64,4.4
2017-07-02 03:53:20,-122,0.6499999762,970.14,90,1,2,0.59,4.4
2017-07-02 03:55:52,-122,0.6499999762,970.14,90,1,2,0.66,4.4
2017-07-02 03:56:41,-93,0,1098.03,60,1,1,3.58,2.7
2017-07-02 03:58:25,-122,0.6499999762,970.14,90,1,2,0.57,4.4
2017-07-02 04:00:57,-122,0.6499999762,970.14,90,1,2,0.71,4.4
2017-07-02 04:03:30,-122,0.6499999762,970.14,90,1,2,0.53,4.4
2017-07-02 04:06:03,-122,0.6499999762,970.14,90,1,2,0.61,4.4
2017-07-02 04:08:35,-122,0.6499999762,970.14,90,1,2,0.57,4.4
2017-07-02 04:11:08,-122,0.6499999762,970.14,90,1,2,0.54,4.4
2017-07-02 04:13:41,-122,0.6499999762,970.14,90,1,2,0.64,4.4
2017-07-02 04:15:27,-95,0,1079.75,60,1,1,4.36,2.7
2017-07-02 04:16:13,-122,0.6499999762,970.14,90,1,2,0.5,4.4
2017-07-02 04:18:45,-122,0.6499999762,970.14,90,1,2,0.63,4.4
2017-07-02 04:21:18,-122,0.6499999762,970.14,90,1,2,0.64,4.4
2017-07-02 04:22:01,-57,8.470000267,7.67,60,1,1,3.33,4.4
2017-07-02 04:23:51,-122,0.6499999762,970.14,90,1,2,0.66,4.4
2017-07-02 04:26:23,-122,0.6499999762,970.14,90,1,2,0.7,4.4
2017-07-02 04:28:36,-81,3.890000105,98.8,60,1,1,4.15,2.7
2017-07-02 04:28:56,-122,0.6499999762,970.14,90,1,2,0.66,4.4
2017-07-02 04:31:29,-122,0.6499999762,970.14,90,1,2,0.66,4.4
2017-07-02 04:34:01,-122,0.6499999762,970.14,90,1,2,0.68,4.4
2017-07-02 04:36:34,-122,0.6499999762,970.14,90,1,2,0.59,4.4
2017-07-02 04:39:07,-122,0.6499999762,970.14,90,1,2,0.46,4.4
2017-07-02 04:40:10,-79,5.050000191,454.45,60,1,1,3.77,2.7
2017-07-02 04:41:40,-122,0.6499999762,970.14,90,1,2,0.54,4.4
2017-07-02 04:44:12,-122,0.6499999762,970.14,90,1,2,0.59,4.4
2017-07-02 04:46:45,-122,0.6499999762,970.14,90,1,2,0.51,4.4
2017-07-02 04:49:17,-122,0.6499999762,970.14,90,1,2,0.62,4.4
2017-07-02 04:51:44,-71,7.389999866,76.24,60,1,1,4.12,2.7
2017-07-02 04:51:50,-122,0.6499999762,970.14,90,1,2,0.5,4.4
2017-07-02 04:54:22,-122,0.6499999762,970.14,90,1,2,0.52,4.4
2017-07-02 04:56:55,-122,0.6499999762,970.14,90,1,2,0.53,4.4
2017-07-02 04:59:27,-122,0.6499999762,970.14,90,1,2,0.6,4.4
2017-07-02 05:02:00,-122,0.6499999762,970.14,90,1,2,0.57,4.4
2017-07-02 05:04:33,-122,0.6499999762,970.14,90,1,2,0.56,4.4
2017-07-02 05:07:05,-122,0.6499999762,970.14,90,1,2,0.5,4.4
2017-07-02 05:08:39,-73,11.77999973,414.72,60,1,1,3.41,2.7
2017-07-02 05:09:38,-122,0.6499999762,970.14,90,1,2,0.61,4.4
2017-07-02 05:12:11,-122,0.6499999762,970.14,90,1,2,0.59,4.4
2017-07-02 05:14:43,-122,0.6499999762,970.14,90,1,2,0.61,4.4
2017-07-02 05:15:13,-81,26.19000053,333.66,60,1,1,3.56,2.7
2017-07-02 05:17:16,-122,0.5500000119,907.52,90,1,2,0.73,4.4
2017-07-02 05:19:49,-122,0.5500000119,907.52,90,1,2,0.55,4.4
2017-07-02 05:22:21,-122,0.5500000119,907.52,90,1,2,0.61,4.4
2017-07-02 05:24:54,-122,0.5500000119,907.52,90,1,2,0.59,4.4
2017-07-02 05:27:26,-122,0.5500000119,907.52,90,1,2,0.6,4.4
2017-07-02 05:29:59,-122,0.5500000119,907.52,90,1,2,0.62,4.4
2017-07-02 05:32:32,-122,0.5500000119,907.52,90,1,2,0.66,4.4
2017-07-02 05:33:57,-75,12.47000027,269.08,60,1,1,3.96,2.7
2017-07-02 05:35:04,-122,0.5500000119,907.52,90,1,2,0.58,4.4
2017-07-02 05:37:37,-122,0.5500000119,907.52,80.47,1,2,1.06,4.4
2017-07-02 05:40:09,-122,0.5500000119,907.52,90,1,2,0.59,4.4
2017-07-02 05:40:31,-85,0.6800000072,4889.77,60,1,1,3.66,2.7
2017-07-02 05:42:42,-122,0.5500000119,907.52,90,1,2,0.5,4.4
2017-07-02 05:45:15,-122,0.5500000119,907.52,90,1,2,0.63,4.4
2017-07-02 05:47:06,-77,16.03000069,683.29,60,1,1,3.39,2.7
2017-07-02 05:47:47,-122,0.5500000119,907.52,90,1,2,0.53,4.4
2017-07-02 05:50:20,-122,0.5500000119,907.52,90,1,2,0.48,4.4
2017-07-02 05:52:52,-122,0.5500000119,907.52,90,1,2,0.54,4.4
2017-07-02 05:55:25,-122,0.5500000119,907.52,90,1,2,0.61,4.4
2017-07-02 05:57:58,-122,0.5500000119,907.52,90,1,2,0.63,4.4
2017-07-02 05:58:40,-77,16.20000076,331.23,60,1,1,3.48,2.7
2017-07-02 06:00:30,-122,0.5500000119,907.52,90,1,2,0.57,4.4
2017-07-02 06:03:03,-122,0.5500000119,907.52,90,1,2,0.62,4.4
2017-07-02 06:05:35,-122,0.5500000119,907.52,90,1,2,0.56,4.4
2017-07-02 06:08:28,-122,0.5500000119,907.52,90,1,2,0.62,4.4
2017-07-02 06:10:14,-85,2.940000057,2272.9,60,1,0,3.74,2.7
2017-07-02 06:11:01,-122,0.5500000119,907.52,90,1,2,0.6,4.4
2017-07-02 06:13:33,-122,0.5500000119,907.52,90,1,2,0.54,4.4
2017-07-02 06:16:06,-122,0.5500000119,907.52,90,1,2,0.59,4.4
2017-07-02 06:18:38,-122,0.5500000119,907.52,90,1,2,0.5,4.3
2017-07-02 06:21:11,-122,0.5500000119,907.52,90,1,2,0.58,4.4
2017-07-02 06:23:44,-122,0.5500000119,907.52,90,1,2,0.55,4.4
2017-07-02 06:26:17,-122,0.5500000119,907.52,90,1,2,0.58,4.4
2017-07-02 06:28:49,-122,0.5500000119,907.52,90,1,2,0.53,4.4
2017-07-02 06:31:22,-122,0.5500000119,907.52,90,1,2,0.64,4.4
2017-07-02 06:33:55,-122,0.5500000119,907.52,90,1,2,0.66,4.4
2017-07-02 06:36:27,-122,0.5500000119,907.52,90,1,2,0.74,4.4
2017-07-02 06:39:00,-122,0.5500000119,907.52,90,1,2,0.54,4.4
2017-07-02 06:41:32,-122,0.5500000119,907.52,90,1,2,0.67,4.4
2017-07-02 06:44:05,-122,0.5500000119,907.52,90,1,2,0.69,4.4
2017-07-02 06:46:37,-122,0.5500000119,907.52,90,1,2,0.58,4.4
2017-07-02 06:49:10,-122,0.5500000119,907.52,90,1,2,0.57,4.4
2017-07-02 06:51:42,-122,0.5500000119,907.52,90,1,2,0.53,4.4
2017-07-02 06:54:15,-122,0.5500000119,907.52,90,1,2,0.48,4.4
2017-07-02 06:56:48,-122,0.5500000119,907.52,90,1,2,0.57,4.4
2017-07-02 06:59:21,-122,0.5500000119,907.52,90,1,2,0.58,4.4
2017-07-02 07:01:53,-122,0.5500000119,907.52,90,1,2,0.59,4.4
2017-07-02 07:04:25,-122,0.5500000119,907.52,90,1,2,0.6,4.4
2017-07-02 07:06:58,-122,0.5500000119,907.52,90,1,2,0.41,4.4
2017-07-02 07:09:31,-122,0.5500000119,907.52,90,1,2,0.65,4.4
2017-07-02 07:12:03,-122,0.5500000119,907.52,90,1,2,0.61,4.4
2017-07-02 07:14:36,-122,0.5500000119,907.52,90,1,2,0.49,4.4
2017-07-02 07:17:08,-122,0.5500000119,907.52,90,1,2,0.52,4.4
2017-07-02 07:19:42,-122,0.5500000119,907.52,90,1,2,0.49,4.4
2017-07-02 07:22:14,-122,0.5500000119,907.52,90,1,2,0.6,4.4
2017-07-02 07:24:47,-122,0.5500000119,907.52,90,1,2,0.55,4.4
2017-07-02 07:27:20,-122,0.5500000119,907.52,90,1,2,0.59,4.4
2017-07-02 07:29:52,-122,0.5500000119,907.52,90,1,2,0.53,4.3
2017-07-02 07:32:25,-122,0.5500000119,907.52,90,1,2,0.51,4.4
2017-07-02 07:34:58,-122,0.5500000119,907.52,90,1,2,0.52,4.4
2017-07-02 07:37:31,-122,0.5500000119,907.52,90,1,2,0.58,4.4
2017-07-02 07:40:03,-122,0.5500000119,907.52,90,1,2,0.62,4.4
2017-07-02 07:42:36,-122,0.5500000119,907.52,90,1,2,0.44,4.4
2017-07-02 07:45:09,-122,0.5500000119,907.52,90,1,2,0.59,4.4
2017-07-02 07:47:42,-122,0.5500000119,907.52,90,1,2,0.49,4.4
2017-07-02 07:50:15,-122,0.5500000119,907.52,90,1,2,0.57,4.4
2017-07-02 07:52:48,-122,0.5500000119,907.52,90,1,2,0.58,4.4
2017-07-02 07:55:21,-122,0.5500000119,907.52,90,1,2,0.55,4.4
2017-07-02 07:57:53,-122,0.5500000119,907.52,90,1,2,0.55,4.4
2017-07-02 08:00:26,-122,0.5500000119,907.52,90,1,2,0.49,4.4
2017-07-02 08:03:11,-122,0.5500000119,907.52,90,1,2,0.49,4.4
2017-07-02 08:05:44,-122,0.5500000119,907.52,90,1,2,0.58,4.4